{
  "featured": {
    "title": "Featured",
    "urls": [
      {
        "title": "Daftar Bootcamp Gratis CAMP404",
        "url": "https://www.camp404.com/reg#",
        "body": "Ada lebih dari 20 kelas gratis bersertifikat buat kamu.",
        "tag": ["FREE", "COURSE"],
        "published_date": "2022-09-30"
      },
      {
        "title": "Daftar Bootcamp dibimbing",
        "url": "https://bit.ly/ReferralDimas",
        "body": "Jadilah salah satu talenta digital berbakat di bidang Digital Marketing, Data Science, UIUX Design, dan Web Development bersama Dibimbing.id.",
        "tag": ["COURSE", "CODING"],
        "published_date": "2022-09-29"
      },
      {
        "title": "ITBOX - Solusi Pintar Belajar Digital",
        "url": "https://itbox.id/",
        "body": "Kamu bisa belajar Data Science, Cyber Security, dan skill lainnya yg emang lagi dibutuhin di industri.",
        "tag": ["COURSE", "CODING"],
        "published_date": "2022-09-26"
      },
      {
        "title": "Job Portal Lengkap dan Aman - KitaLulus",
        "url": "https://3pkita.page.link/tt-dimasmiftah?utm_source=tiktok&utm_medium=aon&utm_campaign=dimasmiftah",
        "body": "Kamu bisa daftar magang dengan gampang sesuai role yang kamu mau.",
        "tag": ["JOBS", "CAREER"],
        "published_date": "2022-08-15"
      },
      {
        "title": "Daftar GarudaHacks 3.0",
        "url": "https://tinyurl.com/gh3reg",
        "body": "Hackathon terbesar di Asia Tenggara dengan total hadiah 300 juta.",
        "tag": ["EVENT", "COMPETITION"],
        "published_date": "2022-08-09"
      },
      {
        "title": "harisenin.com - Bootcamp Belajar Coding Terjangkau",
        "url": "http://harisenin.com/school",
        "body": "Buat kamu yang pengen belajar ngoding tapi bingung mulai dari mana.",
        "tag": ["CODING", "COURSE"],
        "published_date": "2022-07-20"
      },
      {
        "title": "UI/UX Design Mastery dari Skilvul",
        "url": "http://bit.ly/skilvul-dimas",
        "body": "Belajar mulai dari Pengenalan UI/UX dan Figma  sampe bikin Study Case dan Persiapan Melamar Kerja.",
        "tag": ["UI/UX", "COURSE"],
        "published_date": "2022-06-25"
      },
      {
        "title": "Paket Hosting Pelajar Niagahoster",
        "url": "https://bit.ly/promopelajarNH-dimas",
        "body": "Promo Hosting Pelajar 35% + 50% dengan kode PELAJAR50. Udah termasuk free domain 1 tahun.",
        "tag": ["PRODUCT", "HOSTING"],
        "published_date": "2022-06-15"
      },
      {
        "title": "SPRINTMATE #LevelUp Camp : Boost Your UI/UX Skill",
        "url": "https://bit.ly/LevelUp-Camp1",
        "body": "Program intensif 6 minggu belajar ui/ux design. Worth it!",
        "tag": ["UI/UX", "COURSE"],
        "published_date": "2022-06-08"
      },
      {
        "title": "Daftar Beasiswa Bootcamp Full Stack Bangalore",
        "url": "https://www.instagram.com/p/Cd75LX3NcqM",
        "body": "Belajar Full Stack Data Science dan Web Developer selama 5 bulan, gratis!",
        "tag": ["FREE", "COURSE"],
        "published_date": "2022-05-26"
      },
      {
        "title": "Fresh Graduate Academy",
        "url": "https://digitalent.kominfo.go.id/",
        "body": "Program sertifikasi tingkat global, gratis dari KOMINFO.",
        "tag": ["CERTIFICATION", "COURSE"],
        "published_date": "2022-06-11"
      },
      {
        "title": "Daftar Beasiswa IDCamp 2022",
        "url": "https://idcamp.ioh.co.id/",
        "body": "Ada 8 pilihan jalur belajar yang bisa kamu pilih.",
        "tag": ["FREE", "COURSE"],
        "published_date": "2022-06-07"
      },
      {
        "title": "Daftar Virtual Open House Backend Engineering Bootcamp",
        "url": "https://j5478.app.link/e/2R6T3FgZ7pb",
        "body": "Belajar di Binar worth it nggak sih? Yok cari tau!",
        "tag": ["EVENT", "COURSE"],
        "published_date": "2022-05-18"
      },
      {
        "title": "Beasiswa Pendidikan Dicoding",
        "url": "https://dicoding.id/beasiswa",
        "body": "Belajar Google Cloud Gratis.",
        "tag": ["COURSE", "FREE"],
        "published_date": "2022-05-06"
      },
      {
        "title": "GitHub Copilot",
        "url": "https://copilot.github.com/",
        "body": "Don’t fly solo.",
        "tag": ["TOOLS", "RESOURCES"],
        "published_date": "2025-04-18"
      },
      {
        "title": "Download Binar Academy",
        "url": "https://j5478.app.link/BinarBackendDimas",
        "body": "Belajar macem-macem skill digital secara gratis. Kita bisa belajar Backend Engineering dari awam sampe paham.",
        "tag": ["COURSE", "FREEMIUM"],
        "published_date": "2022-04-20"
      },
      {
        "title": "Daftar CRAFT by tiket.com",
        "url": "https://bit.ly/CRAFTForm",
        "body": "tiket.com lagi buka lebih dari 30 posisi buat freshgrad dan mahasiswa tingkat akhir yg kuliahnya jurusan teknologi dan nyaman berbahasa inggris.",
        "tag": ["OPPORTUNITIES", "CAREER"],
        "published_date": "2022-04-05"
      },
      {
        "title": "Download Aplikasi KitaLulus",
        "url": "https://bit.ly/AON_DimasMiftah",
        "body": "Lowongan kerja dari berbagai bidang dan industri apalagi di bidang IT. Udah terjamin aman dari penipuan dan diawasi langsung sama KOMINFO.",
        "tag": ["APP", "CAREER"],
        "published_date": "2022-04-03"
      },
      {
        "title": "Daftar Baparekraf Developer Day",
        "url": "https://bdd.kemenparekraf.go.id/",
        "body": "Pelajari Cyber Security, Blockchain, Frontend, dan Backend dengan materi yang ramah untuk pemula.",
        "tag": ["EVENT", "COURSE"],
        "published_date": "2022-03-30"
      },
      {
        "title": "Daftar Lomba Cerdas Cermat 2022",
        "url": "http://bit.ly/DAFTARLCC2",
        "body": "Lomba dilaksanakan secara online dengan hadiah utama liburan ke Singapore, Malaysia, dan Thailand.",
        "tag": ["EVENT", "COMPETITION"],
        "published_date": "2022-03-19"
      },
      {
        "title": "Panduan Lomba Cerdas Cermat 2022",
        "url": "http://bit.ly/GUIDEBOOKLCC2",
        "body": "Terbuka untuk umum tanpa ada batasan pendidikan. Peserta harus berusia 12-35 tahun.",
        "tag": ["EVENT", "COMPETITION"],
        "published_date": "2022-03-19"
      },
      {
        "title": "Download Aplikasi BinarGo!",
        "url": "https://j5478.app.link/binargodimasmiftah",
        "body": "Solusi asyik belajar mandiri, dengan materi praktis yang disusun sesuai kasus nyata di Indonesia.",
        "tag": ["COURSE", "FREEMIUM"],
        "published_date": "2022-03-02"
      },
      {
        "title": "Cloud Hosting Terbaik Indonesia",
        "url": "https://bit.ly/DimasCloudMax",
        "body": "Beli Cloud Hosting dengan up to 75% discount (gratis domain). Pakai kode DIMASMIFTAH untuk +10% discount.",
        "tag": ["PRODUCT", "HOSTING"],
        "published_date": "2022-03-01"
      },
      {
        "title": "Daftar CAMP404 Bootcamp Batch 11",
        "url": "https://www.camp404.com/reg",
        "body": "Bootcamp programming dan non-programming dengan fasilitas lengkap, gratis!",
        "tag": ["COURSE", "FREE"],
        "published_date": "2022-02-23"
      },
      {
        "title": "Registrasi UNIKOM CodeLabs",
        "url": "https://codelabs.unikom.ac.id/register/",
        "body": "Build Society With Technology",
        "tag": ["COMMUNITY", "RECRUITMENT"],
        "published_date": "2022-02-19"
      },

      {
        "title": "Webinar Grand Opening Bootcamp CAMP404",
        "url": "https://www.temanacara.com/B10",
        "body": "Daftar webinar dari CAMP404 dengan judul Industrial Digital Transformation.",
        "tag": ["WEBINAR", "FREEMIUM"],
        "published_date": "2022-01-24"
      },
      {
        "title": "Download Aplikasi Binar Academy",
        "url": "https://j5478.app.link/dimasmiftahbinaracademy",
        "body": "Buka halaman Silver Courses dan mulai pelajari skill yang wajib di era digital, gratis!",
        "tag": ["COURSE", "FREE"],
        "published_date": "2022-01-15"
      },
      {
        "title": "ITBOX - Solusi Pintar Belajar Digital",
        "url": "https://bit.ly/itbox-event",
        "body": "Belajar Gratis dari pakarnya yang bakal ngasi tau kamu apa sih yang kamu perlu siapin buat punya karir impian.",
        "tag": ["COURSE", "EVENT"],
        "published_date": "2021-12-10"
      },
      {
        "title": "Anniversary Promo #UnlimitEight Niagahoster",
        "url": "https://bit.ly/DimasMiftahNHAnniv",
        "body": "Banyak banget promo menarik dan discount gede-gedean sampe 80%. Bahkan ada bagi-bagi hosting dan domain gratis juga!",
        "tag": ["PROMO", "HOSTING"],
        "published_date": "2021-11-26"
      },
      {
        "title": "Daftar Roadshow Bangkit 2022 UNIKOM",
        "url": "https://bit.ly/roadshow-bangkit-unikom",
        "body": "Kickstart your tech career with Bangkit! Bangkit is one of the Kampus Merdeka learning models designed through a collaboration with Google, the Indonesian Ministry of Education and Culture, GoTo, and Traveloka.",
        "tag": ["COURSE", "FREE"],
        "published_date": "2021-11-29"
      },
      {
        "title": "Super 10.10 Jagoan Hosting",
        "url": "https://rebrand.ly/superjagoan-giveaway",
        "body": "Mulai kebutuhan untuk Go Online kamu dengan promo promo menarik dari Jagoan Hosting selama bulan Oktober. Lebih mudah dan lebih hemat. #MulaiBarengJH",
        "tag": ["PRODUCT", "HOSTING"],
        "published_date": "2021-10-22"
      },
      {
        "title": "Daftar Pelatihan Gratis Bersertifikat",
        "url": "https://www.camp404.com/reg",
        "body": "CAMP404 mengadakan 14 pelatihan gratis berbagai topik, mulai dari programming sampai non-programming.",
        "tag": ["FREE", "COURSE"],
        "published_date": "2021-09-27"
      },
      {
        "title": "Daftar Hackathon NEXGEN Challenge",
        "url": "https://www.kejarmimpi.id/nexgenchallenge",
        "body": "Program hackathon dari CIMB Niaga dengan total hadiah 100 juta. Periode pendaftaran 27 aug - 30 sept 2021.",
        "tag": ["EVENT", "COMPETITION"],
        "published_date": "2021-09-19"
      }
    ]
  },

  "products": {
    "title": "Products",
    "urls": [
      {
        "image": "https://user-images.githubusercontent.com/32232332/175759298-47a5c734-2bd7-43e3-aae1-b855aacfd43d.jpeg",
        "title": "Controller SHOOTER II WGP13 Gamepad Joystick USB",
        "shopee": "https://shope.ee/AUGK6VbSMr",
        "tokopedia": "https://tokopedia.link/wKaYsHFzhsb",
        "body": "Bisa wired dan dongle, untuk Android, Windows, dan PS3",
        "tag": ["SETUP", "PRODUCT"],
        "published_date": "2032-06-25"
      },
      {
        "image": "https://user-images.githubusercontent.com/32232332/164760131-8b9bd555-415c-4ef7-a717-c05b427c6383.JPG",
        "title": "Apple MacBook Pro M1 Chip 2020 13\"",
        "shopee": "https://shope.ee/3fQMH9TrXc",
        "tokopedia": "https://tokopedia.link/f3bKC6Ozhsb",
        "body": "Recommended untuk seluruh kalangan kecuali gamers.",
        "tag": ["SETUP", "PRODUCT"],
        "published_date": "2032-04-22"
      },
      {
        "image": "https://user-images.githubusercontent.com/32232332/164758502-312ecb70-87ab-4969-83fe-ec63f202cc40.png",
        "title": "UNEED USB Hub Type C to HDMI Thunderbolt 3 USB 3.0 PD 60W - UUH204C",
        "shopee": "https://shope.ee/AoUU99gcS",
        "tokopedia": "https://tokopedia.link/SyjGItZgrpb",
        "body": "Dongle mantap.",
        "tag": ["SETUP", "PRODUCT"],
        "published_date": "2032-04-22"
      },
      {
        "image": "https://user-images.githubusercontent.com/32232332/164761816-4b231c1b-b762-4a9c-99d1-6a3646c842e9.png",
        "title": "dbE DJ200 High Quality DJ Headphone",
        "shopee": "https://shope.ee/30AfU0Ce12",
        "tokopedia": "https://tokopedia.link/t8pvftEirpb",
        "body": "Headphone keren yg worth it banget. Pake Audio Receiver di bawah biar wireless.",
        "tag": ["SETUP", "PRODUCT"],
        "published_date": "2032-04-22"
      },
      {
        "image": "https://user-images.githubusercontent.com/32232332/164755400-8d98f5d8-8921-4da1-a6b4-c8b9c8d6df1d.jpeg",
        "title": "Baseus Car Bluetooth Receiver Aux 3.5MM Wireless Audio Receiver",
        "shopee": "https://shope.ee/V4GCTjOa",
        "tokopedia": "https://tokopedia.link/rP6kPzbfrpb",
        "body": "Bisa untuk mobil, speakter, dan headphone.",
        "tag": ["SETUP", "PRODUCT"],
        "published_date": "2032-04-22"
      },
      {
        "image": "https://user-images.githubusercontent.com/32232332/163742598-bf8d23d1-7049-49f4-b7ef-b5a9ff3d7b8d.jpg",
        "title": "Monitor LED Philips 279E1EW 27\" IPS 4K 75Hz HDMI DP USB-C 15w White",
        "shopee": "https://shope.ee/8UVc2oVX6Z",
        "tokopedia": "https://tokopedia.link/cU2nqFrvjpb",
        "body": "Monitor 4K USB-C termurah + warna putih.",
        "tag": ["SETUP", "PRODUCT"],
        "published_date": "2032-04-18"
      },
      {
        "image": "https://user-images.githubusercontent.com/32232332/163742670-99ae8cae-4109-4fea-8bc7-849e70622438.jpeg",
        "title": "Keyboard Royal Kludge G68 / RK68 / RK837 RGB",
        "shopee": "https://shope.ee/5zm4aYMS2b",
        "tokopedia": "https://tokopedia.link/GOLvcSiUdpb",
        "body": "Keyboard budget terbaik di kelasnya.",
        "tag": ["SETUP", "PRODUCT"],
        "published_date": "2032-04-14"
      },
      {
        "image": "https://user-images.githubusercontent.com/32232332/163744212-571aea91-4b7c-43d5-a899-04325186ba93.png",
        "title": "Logitech MX Anywhere 3 Mouse Wireless Mouse",
        "shopee": "https://shope.ee/9oysZ5e4um",
        "tokopedia": "https://tokopedia.link/PLz4yayDjpb",
        "body": "Mouse yang didesain untuk bekerja dari mana saja, mulai dari kantor di rumah hingga kafe sampai ruang santai di bandara.",
        "tag": ["SETUP", "PRODUCT"],
        "published_date": "2032-04-18"
      },
      {
        "image": "https://user-images.githubusercontent.com/32232332/164757336-9bb82c59-a3dc-4855-bc0a-4a728b809946.png",
        "title": "Bracket TV Monitor LED LCD Gas Spring OXIMUS ZDP1118 1118 Tilt Swivel",
        "shopee": "https://shope.ee/89sldiE3Nq",
        "tokopedia": "https://tokopedia.link/A3rPdnjgrpb",
        "body": "Biar monitor bisa diatur sesuka hati. Naik-turun, maju-mundur, kiri-kanan, puter-puter.",
        "tag": ["SETUP", "PRODUCT"],
        "published_date": "2032-04-22"
      },
      {
        "image": "https://user-images.githubusercontent.com/32232332/163781975-e3793020-530e-4831-ac6b-c6a2f27c256f.png",
        "title": "Meja IKEA Lagkapten/Adils 120x60 cm",
        "shopee": "https://shope.ee/X3v1jj6H",
        "tokopedia": "https://tokopedia.link/D6supLr2jpb",
        "body": "Meja kuat dan ringan yang affordable dari IKEA.",
        "tag": ["SETUP", "PRODUCT"],
        "published_date": "2032-04-18"
      },
      {
        "image": "https://user-images.githubusercontent.com/32232332/178092448-5a38577a-4caa-4e6e-941a-38be4df0d120.jpeg",
        "title": "Kursi Gaming Murah Kualitas Premium",
        "shopee": "https://shope.ee/5pSNqJRli5",
        "tokopedia": "https://tokopedia.link/JfMLs5Perpb",
        "body": "Biar dikira YouTuber sama bocil.",
        "tag": ["SETUP", "PRODUCT"],
        "published_date": "2032-04-22"
      },
      {
        "image": "https://user-images.githubusercontent.com/32232332/163743633-9f52eba5-d564-4485-8164-f54ae77aa52b.jpeg",
        "title": "Aonez Meja Lipat Laptop Portable",
        "shopee": "https://shope.ee/7euNyh5d2X",
        "tokopedia": "https://tokopedia.link/Jtk12CTCjpb",
        "body": "Kerja sambil rebahan. Bisa juga buat jadi foot rest.",
        "tag": ["SETUP", "PRODUCT"],
        "published_date": "2032-04-18"
      },
      {
        "image": "https://user-images.githubusercontent.com/32232332/170086324-aba82694-7cf0-4920-9d68-d08596f186ae.JPG",
        "title": "Ulanzi Vijim VL120 RGB",
        "shopee": "https://shope.ee/q50IWLiFM",
        "tokopedia": "https://tokopedia.link/M5VPGXUzhsb",
        "body": "Lampu portable sergabuna, kapasitas batrenya gede.",
        "tag": ["SETUP", "PRODUCT"],
        "published_date": "2032-05-24"
      }
    ]
  },

  "resources": {
    "title": "Resources",
    "urls": [
      {
        "title": "GitHub - CSS Media Query",
        "url": "https://gist.github.com/dimasmiftah/faf0ddae07f1814989b73c2aa945bb5a",
        "body": "Breakpoint yang biasa aku pake.",
        "tag": ["GIST", "RESOURCES"],
        "published_date": "2025-07-17"
      },
      {
        "title": "GitHub - Quantor Website",
        "url": "https://github.com/dimasmiftah/quantor-creative-agency",
        "body": "An awesome company profile website of Quantor - Creative Agency.",
        "tag": ["PROJECTS", "RESOURCES"],
        "published_date": "2025-07-13"
      },
      {
        "title": "GitHub - Bio Link",
        "url": "https://github.com/dimasmiftah/links/",
        "body": "Website for links in bio.",
        "tag": ["PROJECTS", "RESOURCES"],
        "published_date": "2025-07-8"
      },
      {
        "title": "GitHub - Led Scroller",
        "url": "https://github.com/dimasmiftah/led-scroller/",
        "body": "💡 Led Scroller website for TikTok trends",
        "tag": ["PROJECTS", "RESOURCES"],
        "published_date": "2025-07-5"
      },
      {
        "title": "Wallpaper Anime Hate-chan",
        "url": "https://user-images.githubusercontent.com/32232332/163748196-d6ebdb4c-3020-4418-bb8c-157e5537d3e6.jpeg",
        "body": "Cek wallpaper keren lain di Wallpaper Flare",
        "tag": ["WALLPAPER", "RESOURCES"],
        "published_date": "2025-04-18"
      },
      {
        "title": "CV/Resume Resources",
        "url": "https://dimasmiftah.notion.site/CV-Resume-Resources-b522af1e30fb4423a990ca1be2abcbbc",
        "body": "CV/Resume yang aku pake buat daftar Magang Merdeka dan juga yang versi baru.",
        "tag": ["RESUME", "RESOURCES"],
        "published_date": "2025-12-04"
      },
      {
        "title": "Daddy (Dancing Buddy)",
        "url": "https://editor.p5js.org/dimasmiftah/sketches/emGPDr2oq",
        "body": "Contoh PoseNet pake p5.js buat temen joged.",
        "tag": ["PROJECT", "MACHINE LEARNING"],
        "published_date": "2022-12-12"
      },
      {
        "title": "LED Scroller",
        "url": "https://led.dimasmiftah.me?text=",
        "body": "Bikin tulisan berjalan ala-ala konter hape.",
        "tag": ["PROJECT", "WEBSITE"],
        "published_date": "2022-12-12"
      },
      {
        "title": "Tutorial Spotify Aesthetic",
        "url": "https://dimasmiftah.notion.site/tutor-spotify-18e05824f4624e22a4354d9358efc65f",
        "body": "Spotify Premium Pro Max Special Edition",
        "tag": ["TUTORIAL", "APPS"],
        "published_date": "2022-12-12"
      },
      {
        "title": "Join Discord Kita",
        "url": "https://discord.gg/cHpsN4CWhu",
        "body": "Server buat hang-out/diskusi dan ketemu orang-orang baru.",
        "tag": ["CHANNEL", "COMMUNITY"],
        "published_date": "2022-12-12"
      }
    ]
  },
  "support": {
    "title": "Support",
    "urls": [
      {
        "title": "Traktir dimas beli kopi.",
        "url": "https://saweria.co/dimasmiftah",
        "body": "Makasih udah support!",
        "tag": ["SUPPORT", "TRAKTIR"]
      }
    ]
  }
}
